"result #"	"search engine"	query	"article title"	"article url"	"article description"	"total nr of results (best guess)"
0	bing	"republican candidates 2024"	"Here""s a list of Republican 2024 presidential candidates : NPR"	https://www.bing.com/ck/a?!&&p=81b8c6ba874f36e4JmltdHM9MTcwNzI2NDAwMCZpZ3VpZD0wNmQyNjk0Ni0wYjJhLTYzYWEtMTk2Yy03ZDU4MGFhOTYyZjcmaW5zaWQ9NTEyMQ&ptn=3&ver=2&hsh=3&fclid=06d26946-0b2a-63aa-196c-7d580aa962f7&u=a1aHR0cHM6Ly93d3cubnByLm9yZy8yMDIzLzAzLzA4LzExNjAxMTM5NTQvMjAyNC1yZXB1YmxpY2FuLXByZXNpZGVudGlhbC1jYW5kaWRhdGVzLXdoby1pcy1ydW5uaW5nLXRyYWNrZXI&ntb=1	"WebMar 8, 2023 · Republicans face a likely crowded field for the chance to challenge President Biden, who is expected to announce he""s running for reelection. Here""s who""s in and who""s thinking about a 2024 run."	2800000
1	bing	"republican candidates 2024"	"2024 Republican Party presidential primaries - Wikipedia"	https://www.bing.com/ck/a?!&&p=feec363aa83762c6JmltdHM9MTcwNzI2NDAwMCZpZ3VpZD0wNmQyNjk0Ni0wYjJhLTYzYWEtMTk2Yy03ZDU4MGFhOTYyZjcmaW5zaWQ9NTEzNw&ptn=3&ver=2&hsh=3&fclid=06d26946-0b2a-63aa-196c-7d580aa962f7&u=a1aHR0cHM6Ly9lbi53aWtpcGVkaWEub3JnL3dpa2kvMjAyNF9SZXB1YmxpY2FuX1BhcnR5X3ByZXNpZGVudGlhbF9wcmltYXJpZXM&ntb=1	"WebAs of February 2024, more than 400 candidates have filed with the Federal Election Commission (FEC) to run for the Republican presidential nomination in 2024. In previous cycles, the majority of these candidates did not appear on any ballots, raise money, or otherwise attempt to formally campaign."	2800000
2	bing	"republican candidates 2024"	"2024 Republican presidential candidates | CNN Politics"	https://www.bing.com/ck/a?!&&p=b622ac2a5912a9cdJmltdHM9MTcwNzI2NDAwMCZpZ3VpZD0wNmQyNjk0Ni0wYjJhLTYzYWEtMTk2Yy03ZDU4MGFhOTYyZjcmaW5zaWQ9NTE1NQ&ptn=3&ver=2&hsh=3&fclid=06d26946-0b2a-63aa-196c-7d580aa962f7&u=a1aHR0cHM6Ly93d3cuY25uLmNvbS9lbGVjdGlvbi8yMDI0L3ByZXNpZGVudGlhbC1jYW5kaWRhdGVz&ntb=1	"WebAug 24, 2023 · Who are the 2024 Republican presidential candidates? Here’s who’s running in the U.S. election, where they stand on key issues and more"	2800000
3	bing	"republican candidates 2024"	"Who Are the 2024 Presidential Election Candidates? - The New …"	https://www.bing.com/ck/a?!&&p=c19c86d682b62d4bJmltdHM9MTcwNzI2NDAwMCZpZ3VpZD0wNmQyNjk0Ni0wYjJhLTYzYWEtMTk2Yy03ZDU4MGFhOTYyZjcmaW5zaWQ9NTE3Mg&ptn=3&ver=2&hsh=3&fclid=06d26946-0b2a-63aa-196c-7d580aa962f7&u=a1aHR0cHM6Ly93d3cubnl0aW1lcy5jb20vaW50ZXJhY3RpdmUvMjAyMy91cy9wb2xpdGljcy9wcmVzaWRlbnRpYWwtY2FuZGlkYXRlcy0yMDI0Lmh0bWw&ntb=1	"WebJan 21, 2024 · Who Are the 2024 Presidential Election Candidates? - The New York Times Advertisement Who’s Running for President in 2024? and Updated Jan. 21, 2024 Leer en español Democrats Biden..."	2800000
4	bing	"republican candidates 2024"	"National : President: Republican primary : 2024 Polls"	https://www.bing.com/ck/a?!&&p=e9a07b664f3b1ea2JmltdHM9MTcwNzI2NDAwMCZpZ3VpZD0wNmQyNjk0Ni0wYjJhLTYzYWEtMTk2Yy03ZDU4MGFhOTYyZjcmaW5zaWQ9NTE4OQ&ptn=3&ver=2&hsh=3&fclid=06d26946-0b2a-63aa-196c-7d580aa962f7&u=a1aHR0cHM6Ly9wcm9qZWN0cy5maXZldGhpcnR5ZWlnaHQuY29tL3BvbGxzL3ByZXNpZGVudC1wcmltYXJ5LXIvMjAyNC9uYXRpb25hbC8&ntb=1	"Web3 days ago · Updating average for each Republican candidate in 2024 primary polls, accounting for each poll""s recency, sample size, methodology and house effects. April 1, 2023 July 1 Oct. 1 Jan. 1,..."	2800000
5	bing	"republican candidates 2024"	"2024 Republican Party presidential candidates - Wikipedia"	https://www.bing.com/ck/a?!&&p=eba0ed735ced4766JmltdHM9MTcwNzI2NDAwMCZpZ3VpZD0wNmQyNjk0Ni0wYjJhLTYzYWEtMTk2Yy03ZDU4MGFhOTYyZjcmaW5zaWQ9NTIwNg&ptn=3&ver=2&hsh=3&fclid=06d26946-0b2a-63aa-196c-7d580aa962f7&u=a1aHR0cHM6Ly9lbi53aWtpcGVkaWEub3JnL3dpa2kvMjAyNF9SZXB1YmxpY2FuX1BhcnR5X3ByZXNpZGVudGlhbF9jYW5kaWRhdGVz&ntb=1	"WebThe following is a list of candidates associated with the 2024 Republican Party presidential primaries for the 2024 United States presidential election. As of December 2023, more than 400 candidates have filed with the Federal Election Commission (FEC) to run for the Republican nomination in 2024."	2800000
6	bing	"republican candidates 2024"	"The top 10 Republican presidential candidates for 2024, ranked"	https://www.bing.com/ck/a?!&&p=f7dec95dcc84e6e1JmltdHM9MTcwNzI2NDAwMCZpZ3VpZD0wNmQyNjk0Ni0wYjJhLTYzYWEtMTk2Yy03ZDU4MGFhOTYyZjcmaW5zaWQ9NTIyNA&ptn=3&ver=2&hsh=3&fclid=06d26946-0b2a-63aa-196c-7d580aa962f7&u=a1aHR0cHM6Ly93d3cud2FzaGluZ3RvbnBvc3QuY29tL3BvbGl0aWNzLzIwMjMvMDcvMjkvdG9wLTEwLXJlcHVibGljYW4tcHJlc2lkZW50aWFsLWNhbmRpZGF0ZXMtMjAyNC1yYW5rZWQv&ntb=1	"WebJul 29, 2023 · The top 10 Republican presidential candidates for 2024, ranked Analysis by Aaron Blake Staff writer July 29, 2023 at 10:00 a.m. EDT Sen. Tim Scott (R-S.C.) shaking hands with then-President..."	2800000
7	bing	"republican candidates 2024"	"Who’s running for president in 2024? The Republican and …"	https://www.bing.com/ck/a?!&&p=5fe2e78a0f318144JmltdHM9MTcwNzI2NDAwMCZpZ3VpZD0wNmQyNjk0Ni0wYjJhLTYzYWEtMTk2Yy03ZDU4MGFhOTYyZjcmaW5zaWQ9NTI0Mg&ptn=3&ver=2&hsh=3&fclid=06d26946-0b2a-63aa-196c-7d580aa962f7&u=a1aHR0cHM6Ly93d3cudGhlZ3VhcmRpYW4uY29tL3VzLW5ld3MvbmctaW50ZXJhY3RpdmUvMjAyNC9qYW4vMjEvcHJlc2lkZW50aWFsLWVsZWN0aW9uLWNhbmRpZGF0ZXMtYmlkZW4tdHJ1bXA&ntb=1	"WebJan 21, 2024 · The Republican and Democratic candidates Donald Trump leads a big field of Republican hopefuls seeking to best Joe Biden or one of his long-shot challengers in the 2024 election Guardian..."	2800000
8	bing	"republican candidates 2024"	"Who""s running for president? See a rundown of the 2024 candidates"	https://www.bing.com/ck/a?!&&p=4b7ec02e53abe015JmltdHM9MTcwNzI2NDAwMCZpZ3VpZD0wNmQyNjk0Ni0wYjJhLTYzYWEtMTk2Yy03ZDU4MGFhOTYyZjcmaW5zaWQ9NTI2MA&ptn=3&ver=2&hsh=3&fclid=06d26946-0b2a-63aa-196c-7d580aa962f7&u=a1aHR0cHM6Ly9hcG5ld3MuY29tL2FydGljbGUvd2hvcy1ydW5uaW5nLWZvci1wcmVzaWRlbnQtMjAyNC00MzdlZGIzYTJiYzU4MWNjZDE0ZTkxYmVmYWE1NjFjMw&ntb=1	"WebDec 5, 2023 · Stein announced Nov. 9 that she will again run under the Green Party banner. “I’m running for president to offer that choice for the people outside of the failed two-party system,” she said. She ran against Trump and Democrat Hillary Clinton in 2016 as a Green Party candidate and received about 1% of the vote."	2800000
9	bing	"republican candidates 2024"	"2024 United States presidential election - Wikipedia"	https://www.bing.com/ck/a?!&&p=d1af99de06aa4348JmltdHM9MTcwNzI2NDAwMCZpZ3VpZD0wNmQyNjk0Ni0wYjJhLTYzYWEtMTk2Yy03ZDU4MGFhOTYyZjcmaW5zaWQ9NTI3Nw&ptn=3&ver=2&hsh=3&fclid=06d26946-0b2a-63aa-196c-7d580aa962f7&u=a1aHR0cHM6Ly9lbi53aWtpcGVkaWEub3JnL3dpa2kvMjAyNF9Vbml0ZWRfU3RhdGVzX3ByZXNpZGVudGlhbF9lbGVjdGlvbg&ntb=1	"WebCurrent results of the 2024 Republican presidential primaries Donald Trump , the then-incumbent president, was defeated by Biden in the 2020 election and is not term-limited to run again in 2024, making him the fifth ex-president to seek a second non-consecutive term."	2800000
10	bing	"republican candidates 2024"	"The top 10 Republican presidential candidates for 2024, ranked"	https://www.bing.com/ck/a?!&&p=a1f413bc6f2b1d14JmltdHM9MTcwNzI2NDAwMCZpZ3VpZD0wNmQyNjk0Ni0wYjJhLTYzYWEtMTk2Yy03ZDU4MGFhOTYyZjcmaW5zaWQ9NTE4OQ&ptn=3&ver=2&hsh=3&fclid=06d26946-0b2a-63aa-196c-7d580aa962f7&u=a1aHR0cHM6Ly93d3cud2FzaGluZ3RvbnBvc3QuY29tL3BvbGl0aWNzLzIwMjMvMDcvMjkvdG9wLTEwLXJlcHVibGljYW4tcHJlc2lkZW50aWFsLWNhbmRpZGF0ZXMtMjAyNC1yYW5rZWQv&ntb=1	"WebJul 29, 2023 · The top contenders for the GOP 2024 nomination are former president Donald Trump and former U.N. ambassador Nikki Haley after Florida Gov. Ron DeSantis announced he was dropping out just ahead of ..."	2800000
11	bing	"republican candidates 2024"	"Here are the Republicans considering 2024 presidential …"	https://www.bing.com/ck/a?!&&p=e75f5e639dc83b50JmltdHM9MTcwNzI2NDAwMCZpZ3VpZD0wNmQyNjk0Ni0wYjJhLTYzYWEtMTk2Yy03ZDU4MGFhOTYyZjcmaW5zaWQ9NTIyMA&ptn=3&ver=2&hsh=3&fclid=06d26946-0b2a-63aa-196c-7d580aa962f7&u=a1aHR0cHM6Ly93d3cuY25uLmNvbS8yMDIzLzAyLzE0L3BvbGl0aWNzLzIwMjQtcmVwdWJsaWNhbi1wcmVzaWRlbnRpYWwtY29udGVuZGVycy1saXN0L2luZGV4Lmh0bWw&ntb=1	"WebFeb 15, 2023 · Here’s a look at who’s in and who is considering a 2024 run for the Republican nomination: Donald Trump : The former president officially launched his campaign in November, days after the ..."	2800000
12	bing	"republican candidates 2024"	"US election 2024: who are the Republican presidential candidates?"	https://www.bing.com/ck/a?!&&p=e1824db45797431dJmltdHM9MTcwNzI2NDAwMCZpZ3VpZD0wNmQyNjk0Ni0wYjJhLTYzYWEtMTk2Yy03ZDU4MGFhOTYyZjcmaW5zaWQ9NTI0Nw&ptn=3&ver=2&hsh=3&fclid=06d26946-0b2a-63aa-196c-7d580aa962f7&u=a1aHR0cHM6Ly93d3cuZnQuY29tL2NvbnRlbnQvYzBhYzlkNTktMjI4NS00ZWZjLWI3ODYtMzU1YTEwZmYzNjYx&ntb=1	"WebJan 8, 2024 · DeSantis, 45, had been seen as the Republican best positioned to challenge Trump for the party’s nomination in 2024. As well as being a graduate of Yale University and Harvard Law School, he ..."	2800000
13	bing	"republican candidates 2024"	"Who""s running for president? Here are the major 2024 candidates …"	https://www.bing.com/ck/a?!&&p=85532d55ec8c8c91JmltdHM9MTcwNzI2NDAwMCZpZ3VpZD0wNmQyNjk0Ni0wYjJhLTYzYWEtMTk2Yy03ZDU4MGFhOTYyZjcmaW5zaWQ9NTI3NA&ptn=3&ver=2&hsh=3&fclid=06d26946-0b2a-63aa-196c-7d580aa962f7&u=a1aHR0cHM6Ly9hcG5ld3MuY29tL2FydGljbGUvcHJlc2lkZW50aWFsLWNhbmRpZGF0ZXMtMjAyNC0zMDFkYjVjZTMxMGNhZmM5NzAyNTY4MmIzOWNlYWM2ZQ&ntb=1	"WebJan 21, 2024 · FILE - Republican presidential candidate former UN Ambassador Nikki Haley speaks during a campaign event in Derry, N.H., Jan. 21, 2024. Two major Republican candidates are left competing for their party’s 2024 presidential nomination after the departure of Florida Gov. Ron DeSantis from the race."	2800000
14	bing	"republican candidates 2024"	"The top 10 Republican presidential candidates for 2024, ranked"	https://www.bing.com/ck/a?!&&p=d20f85af27e1bec1JmltdHM9MTcwNzI2NDAwMCZpZ3VpZD0wNmQyNjk0Ni0wYjJhLTYzYWEtMTk2Yy03ZDU4MGFhOTYyZjcmaW5zaWQ9NTMwMw&ptn=3&ver=2&hsh=3&fclid=06d26946-0b2a-63aa-196c-7d580aa962f7&u=a1aHR0cHM6Ly93d3cud2FzaGluZ3RvbnBvc3QuY29tL3BvbGl0aWNzLzIwMjIvMDgvMjAvdG9wLXRlbi1yZXB1YmxpY2FuLTIwMjQtY2FuZGlkYXRlcy8&ntb=1	"WebAug 20, 2022 · The top 10 Republican presidential candidates for 2024, ranked. Posters of former president Donald Trump and Florida Gov. Ron DeSantis are displayed during the first day of the CPAC conference in ..."	2800000
15	bing	"republican candidates 2024"	"Presidential candidates, 2024 - Ballotpedia"	https://www.bing.com/ck/a?!&&p=49a9554a0557361cJmltdHM9MTcwNzI2NDAwMCZpZ3VpZD0wNmQyNjk0Ni0wYjJhLTYzYWEtMTk2Yy03ZDU4MGFhOTYyZjcmaW5zaWQ9NTMyOA&ptn=3&ver=2&hsh=3&fclid=06d26946-0b2a-63aa-196c-7d580aa962f7&u=a1aHR0cHM6Ly9iYWxsb3RwZWRpYS5vcmcvUHJlc2lkZW50aWFsX2NhbmRpZGF0ZXMsXzIwMjQ&ntb=1	"WebThe United States will hold a presidential election on November 5, 2024. This will be the 60th presidential election in United States history, and the first to be held after the reallocation of electoral college votes following the 2020 redistricting cycle.. As of February 2024, Ballotpedia has identified three noteworthy Democratic presidential candidates and three …"	2800000
16	bing	"republican candidates 2024"	"2024 Republican presidential candidates | CNN Politics"	https://www.bing.com/ck/a?!&&p=807083a7b456564aJmltdHM9MTcwNzI2NDAwMCZpZ3VpZD0wNmQyNjk0Ni0wYjJhLTYzYWEtMTk2Yy03ZDU4MGFhOTYyZjcmaW5zaWQ9NTM1Nw&ptn=3&ver=2&hsh=3&fclid=06d26946-0b2a-63aa-196c-7d580aa962f7&u=a1aHR0cHM6Ly93d3cuY25uLmNvbS8yMDIzLzA1LzI0L3BvbGl0aWNzLzIwMjQtcmVwdWJsaWNhbi1wcmVzaWRlbnRpYWwtY2FuZGlkYXRlcy13aGF0LW1hdHRlcnMvaW5kZXguaHRtbA&ntb=1	"WebMay 24, 2023 · The first Republican primary debates won’t occur until August. The first primaries and caucuses won’t occur until early next year. But the 2024 presidential primary campaign is well underway."	2800000
17	bing	"republican candidates 2024"	"The top 10 GOP presidential candidates for 2024, ranked"	https://www.bing.com/ck/a?!&&p=6689dc5bb32ce21bJmltdHM9MTcwNzI2NDAwMCZpZ3VpZD0wNmQyNjk0Ni0wYjJhLTYzYWEtMTk2Yy03ZDU4MGFhOTYyZjcmaW5zaWQ9NTM4NA&ptn=3&ver=2&hsh=3&fclid=06d26946-0b2a-63aa-196c-7d580aa962f7&u=a1aHR0cHM6Ly93d3cud2FzaGluZ3RvbnBvc3QuY29tL3BvbGl0aWNzLzIwMjIvMDUvMjEvdG9wLTIwMjQtZ29wLWNhbmRpZGF0ZXMv&ntb=1	"WebMay 21, 2022 · 10. Asa Hutchinson: The question has long been whether the GOP would ever nominate a Trump critic — even a gentle one — in 2024.The answer is probably still “no,” but the Arkansas governor ..."	2800000
18	bing	"republican candidates 2024"	"The top 10 Republican presidential candidates for 2024, ranked"	https://www.bing.com/ck/a?!&&p=204fb83b324b8fe0JmltdHM9MTcwNzI2NDAwMCZpZ3VpZD0wNmQyNjk0Ni0wYjJhLTYzYWEtMTk2Yy03ZDU4MGFhOTYyZjcmaW5zaWQ9NTQxMQ&ptn=3&ver=2&hsh=3&fclid=06d26946-0b2a-63aa-196c-7d580aa962f7&u=a1aHR0cHM6Ly93d3cud2FzaGluZ3RvbnBvc3QuY29tL3BvbGl0aWNzLzIwMjMvMDkvMDMvcmVwdWJsaWNhbi1wcmVzaWRlbnRpYWwtcmFua2luZ3MtMjAyNC8&ntb=1	"WebSep 3, 2023 · The top contenders for the GOP 2024 nomination are former president Donald Trump and former U.N. ambassador Nikki Haley after Florida Gov. Ron DeSantis announced he was dropping out just ahead of ..."	2800000
19	bing	"republican candidates 2024"	"Who Is Running for President in 2024? - People.com"	https://www.bing.com/ck/a?!&&p=30909f860daa8089JmltdHM9MTcwNzI2NDAwMCZpZ3VpZD0wNmQyNjk0Ni0wYjJhLTYzYWEtMTk2Yy03ZDU4MGFhOTYyZjcmaW5zaWQ9NTQzOA&ptn=3&ver=2&hsh=3&fclid=06d26946-0b2a-63aa-196c-7d580aa962f7&u=a1aHR0cHM6Ly9wZW9wbGUuY29tL3BvbGl0aWNzLzIwMjQtcHJlc2lkZW50aWFsLWNhbmRpZGF0ZXMv&ntb=1	"WebAug 29, 2023 · Sen. Tim Scott. Chip Somodevilla/Getty. Age: 57 Party: Republican Candidacy: Confirmed South Carolina Sen. Tim Scott has potential to be a strong candidate in the 2024 presidential race, proving ..."	2800000
20	bing	"republican candidates 2024"	"Ranking the 2024 Republican presidential field | CNN Politics"	https://www.bing.com/ck/a?!&&p=f7076d95b299e49dJmltdHM9MTcwNzI2NDAwMCZpZ3VpZD0wNmQyNjk0Ni0wYjJhLTYzYWEtMTk2Yy03ZDU4MGFhOTYyZjcmaW5zaWQ9NTQ2NQ&ptn=3&ver=2&hsh=3&fclid=06d26946-0b2a-63aa-196c-7d580aa962f7&u=a1aHR0cHM6Ly93d3cuY25uLmNvbS8yMDIyLzA5LzIxL3BvbGl0aWNzLzIwMjQtcmVwdWJsaWNhbi1wcmVzaWRlbnRpYWwtcmFua2luZ3MtdHJ1bXAtZGVzYW50aXMvaW5kZXguaHRtbA&ntb=1	"WebSep 21, 2022 · Ranking the 2024 Republican field. Link Copied! Former President Donald Trump speaks at a rally in Youngstown, Ohio, on September 17, 2022. Just as Donald Trump began to look vulnerable in a ..."	2800000
21	bing	"republican candidates 2024"	"Who is Vivek Ramaswamy, the youngest candidate at the GOP …"	https://www.bing.com/ck/a?!&&p=366c0cade38ce24aJmltdHM9MTcwNzI2NDAwMCZpZ3VpZD0wNmQyNjk0Ni0wYjJhLTYzYWEtMTk2Yy03ZDU4MGFhOTYyZjcmaW5zaWQ9NTQ5MQ&ptn=3&ver=2&hsh=3&fclid=06d26946-0b2a-63aa-196c-7d580aa962f7&u=a1aHR0cHM6Ly93d3cubnByLm9yZy8yMDIzLzA1LzE5LzExNzY4OTI2MjMvdml2ZWstcmFtYXN3YW15LWNhbmRpZGF0ZS1wcmVzaWRlbnQtMjAyNA&ntb=1	"WebMay 19, 2023 · Who is Vivek Ramaswamy, the 38-year-old entrepreneur and GOP presidential hopeful? An event goer holds a pamphlet for U.S. entrepreneur and 2024 presidential hopeful Vivek Ramaswamy during the ..."	2800000
22	bing	"republican candidates 2024"	"Who""s running for president in 2024? Meet the candidates - CBS …"	https://www.bing.com/ck/a?!&&p=66719bf0cc196344JmltdHM9MTcwNzI2NDAwMCZpZ3VpZD0wNmQyNjk0Ni0wYjJhLTYzYWEtMTk2Yy03ZDU4MGFhOTYyZjcmaW5zaWQ9NTUxNw&ptn=3&ver=2&hsh=3&fclid=06d26946-0b2a-63aa-196c-7d580aa962f7&u=a1aHR0cHM6Ly93d3cuY2JzbmV3cy5jb20vbGl2ZS11cGRhdGVzL3dob3MtcnVubmluZy1wcmVzaWRlbnQtMjAyNC1jYW5kaWRhdGVzLWRlbW9jcmF0aWMtcmVwdWJsaWNhbi8&ntb=1	"WebJan 24, 2024 · Suarez, who is Cuban American, was the only Latino GOP candidate in the 2024 field. He was the second Florida politician to enter the race and has been critical of certain aspects of Florida Gov ..."	2800000
23	bing	"republican candidates 2024"	"The top 10 Republican presidential candidates for 2024, ranked"	https://www.bing.com/ck/a?!&&p=9810822529e8e34cJmltdHM9MTcwNzI2NDAwMCZpZ3VpZD0wNmQyNjk0Ni0wYjJhLTYzYWEtMTk2Yy03ZDU4MGFhOTYyZjcmaW5zaWQ9NTU0NA&ptn=3&ver=2&hsh=3&fclid=06d26946-0b2a-63aa-196c-7d580aa962f7&u=a1aHR0cHM6Ly93d3cud2FzaGluZ3RvbnBvc3QuY29tL3BvbGl0aWNzLzIwMjMvMDEvMTQvdG9wLTEwLXJlcHVibGljYW4tcHJlc2lkZW50aWFsLWNhbmRpZGF0ZXMtMjAyNC1yYW5rZWQv&ntb=1	"WebJan 14, 2023 · The 2024 Republican presidential race is technically two months old. We say “technically” because there’s really only one candidate and very little sign that he’s running a bona fide ..."	2800000
24	bing	"republican candidates 2024"	"The 13 Leading Republican Presidential Candidates for 2024"	https://www.bing.com/ck/a?!&&p=8c83bbbdc0253f73JmltdHM9MTcwNzI2NDAwMCZpZ3VpZD0wNmQyNjk0Ni0wYjJhLTYzYWEtMTk2Yy03ZDU4MGFhOTYyZjcmaW5zaWQ9NTU3MQ&ptn=3&ver=2&hsh=3&fclid=06d26946-0b2a-63aa-196c-7d580aa962f7&u=a1aHR0cHM6Ly8yNDd3YWxsc3QuY29tL3NwZWNpYWwtcmVwb3J0LzIwMjIvMTEvMTMvdGhlLTEzLWxlYWRpbmctcmVwdWJsaWNhbi1wcmVzaWRlbnRpYWwtY2FuZGlkYXRlcy1mb3ItMjAyNC8&ntb=1	"WebNov 13, 2022 · Some of the possible Republican candidates for 2024 have run for president before – Florida Sen. Marco Rubio, Texas Sen. Ted Cruz, Utah Sen. Mitt Romney, former New Jersey Gov. Chris Christie ..."	2800000
25	bing	"republican candidates 2024"	"Who""s running for president in 2024 and who has dropped out"	https://www.bing.com/ck/a?!&&p=f85deec6cf9d6db7JmltdHM9MTcwNzI2NDAwMCZpZ3VpZD0wNmQyNjk0Ni0wYjJhLTYzYWEtMTk2Yy03ZDU4MGFhOTYyZjcmaW5zaWQ9NTU5OA&ptn=3&ver=2&hsh=3&fclid=06d26946-0b2a-63aa-196c-7d580aa962f7&u=a1aHR0cHM6Ly9hYmNuZXdzLmdvLmNvbS9Qb2xpdGljcy9ydW5uaW5nLXByZXNpZGVudC0yMDI0L3N0b3J5P2lkPTk2ODQ5MTI3&ntb=1	"WebOct 29, 2023 · North Dakota Gov. Burgum on June 7 jumped into the 2024 presidential race, pitching himself to voters as a candidate ready to bring small town values to the big stage. ""We need a leader who""s ..."	2800000
26	bing	"republican candidates 2024"	"The GOP presidential field is largely set for 2024. Here’s ... - PBS"	https://www.bing.com/ck/a?!&&p=d995562dfa4f434fJmltdHM9MTcwNzI2NDAwMCZpZ3VpZD0wNmQyNjk0Ni0wYjJhLTYzYWEtMTk2Yy03ZDU4MGFhOTYyZjcmaW5zaWQ9NTYyNQ&ptn=3&ver=2&hsh=3&fclid=06d26946-0b2a-63aa-196c-7d580aa962f7&u=a1aHR0cHM6Ly93d3cucGJzLm9yZy9uZXdzaG91ci9wb2xpdGljcy90aGUtZ29wLXByZXNpZGVudGlhbC1maWVsZC1pcy1sYXJnZWx5LXNldC1mb3ItMjAyNC1oZXJlcy13aGVyZS10aGUtY29udGVuZGVycy1zdGFuZA&ntb=1	"WebPolitics Jun 8, 2023 2:02 PM EST. NEW YORK (AP) — After a trio of new announcements this week, the Republican Party’s 2024 presidential field is all but set. A handful of stragglers may jump ..."	2800000
27	bing	"republican candidates 2024"	"New Hampshire Republican primary: Who are the main candidates…"	https://www.bing.com/ck/a?!&&p=8b24d94daebda84bJmltdHM9MTcwNzI2NDAwMCZpZ3VpZD0wNmQyNjk0Ni0wYjJhLTYzYWEtMTk2Yy03ZDU4MGFhOTYyZjcmaW5zaWQ9NTY1Mg&ptn=3&ver=2&hsh=3&fclid=06d26946-0b2a-63aa-196c-7d580aa962f7&u=a1aHR0cHM6Ly93d3cuYmJjLmNvbS9uZXdzL3dvcmxkLXVzLWNhbmFkYS02MzU1MDIzNw&ntb=1	"WebOct 5, 2023 · Donald Trump, Nikki Haley and Ron DeSantis face off in New Hampshire. After months of campaigning, the list of Republican candidates for president has been whittled down to just three competitors ..."	2800000
28	bing	"republican candidates 2024"	"President: general election : 2024 Polls | FiveThirtyEight"	https://www.bing.com/ck/a?!&&p=b40152ee8882d4b3JmltdHM9MTcwNzI2NDAwMCZpZ3VpZD0wNmQyNjk0Ni0wYjJhLTYzYWEtMTk2Yy03ZDU4MGFhOTYyZjcmaW5zaWQ9NTY3OQ&ptn=3&ver=2&hsh=3&fclid=06d26946-0b2a-63aa-196c-7d580aa962f7&u=a1aHR0cHM6Ly9wcm9qZWN0cy5maXZldGhpcnR5ZWlnaHQuY29tL3BvbGxzL3ByZXNpZGVudC1nZW5lcmFsLzIwMjQv&ntb=1	"Web2 days ago · Kari Lake is a Republican Party candidate for office. Biden: 41%. Biden: 41%. Biden. 41%. Trump. 45%. 45%. Trump : Trump +4: Jan. 30, 2024. President: general election, North Carolina, 2024. Jan. 26-31. 760: RV: ... presidential approval and national 2024 Republican primary averages is available for download here. Notice any bugs or ..."	2800000
29	bing	"republican candidates 2024"	"8 candidates qualify for first 2024 Republican presidential debate …"	https://www.bing.com/ck/a?!&&p=00d8a14776e96c40JmltdHM9MTcwNzI2NDAwMCZpZ3VpZD0wNmQyNjk0Ni0wYjJhLTYzYWEtMTk2Yy03ZDU4MGFhOTYyZjcmaW5zaWQ9NTcwNg&ptn=3&ver=2&hsh=3&fclid=06d26946-0b2a-63aa-196c-7d580aa962f7&u=a1aHR0cHM6Ly93d3cuY25uLmNvbS8yMDIzLzA4LzIxL3BvbGl0aWNzL21pbHdhdWtlZS1ybmMtcHJlc2lkZW50aWFsLWRlYmF0ZS1jYW5kaWRhdGVzL2luZGV4Lmh0bWw&ntb=1	"WebAug 21, 2023 · Eight Republicans have qualified for the party’s first 2024 presidential primary debate Wednesday night, the Republican National Committee announced Monday evening."	2800000
30	bing	"republican candidates 2024"	"More Republican candidates poised to join 2024 campaign"	https://www.bing.com/ck/a?!&&p=534336ea57c90525JmltdHM9MTcwNzI2NDAwMCZpZ3VpZD0wNmQyNjk0Ni0wYjJhLTYzYWEtMTk2Yy03ZDU4MGFhOTYyZjcmaW5zaWQ9NTczMw&ptn=3&ver=2&hsh=3&fclid=06d26946-0b2a-63aa-196c-7d580aa962f7&u=a1aHR0cHM6Ly93d3cucGJzLm9yZy9uZXdzaG91ci9wb2xpdGljcy9tb3JlLXJlcHVibGljYW4tY2FuZGlkYXRlcy1wb2lzZWQtdG8tam9pbi0yMDI0LWNhbXBhaWdu&ntb=1	"WebApr 22, 2023 · Brooks and Capehart on the 2024 campaign as Republican candidates headline big GOP events. By David Brooks, Jonathan Capehart. Asa Hutchinson, former GOP Arkansas governor, is running for president."	2800000
31	bing	"republican candidates 2024"	"Nikki Haley: Who is the Republican 2024 presidential candidate?"	https://www.bing.com/ck/a?!&&p=c2f00aae137c1048JmltdHM9MTcwNzI2NDAwMCZpZ3VpZD0wNmQyNjk0Ni0wYjJhLTYzYWEtMTk2Yy03ZDU4MGFhOTYyZjcmaW5zaWQ9NTc1OQ&ptn=3&ver=2&hsh=3&fclid=06d26946-0b2a-63aa-196c-7d580aa962f7&u=a1aHR0cHM6Ly93d3cucmV1dGVycy5jb20vd29ybGQvdXMvbmlra2ktaGFsZXktd2hvLWlzLXJlcHVibGljYW4tMjAyNC1wcmVzaWRlbnRpYWwtY2FuZGlkYXRlLTIwMjMtMDItMTQv&ntb=1	"WebFeb 14, 2023 · Former U.S. Ambassador to the United Nations Nikki Haley said on Tuesday she will seek the 2024 Republican presidential nomination, putting her at odds with one-time boss Donald Trump, the former ..."	2800000
32	bing	"republican candidates 2024"	"Highlights, analysis from the first Republican presidential debate"	https://www.bing.com/ck/a?!&&p=8c8a267c808601f2JmltdHM9MTcwNzI2NDAwMCZpZ3VpZD0wNmQyNjk0Ni0wYjJhLTYzYWEtMTk2Yy03ZDU4MGFhOTYyZjcmaW5zaWQ9NTc4NQ&ptn=3&ver=2&hsh=3&fclid=06d26946-0b2a-63aa-196c-7d580aa962f7&u=a1aHR0cHM6Ly93d3cud2FzaGluZ3RvbnBvc3QuY29tL3BvbGl0aWNzLzIwMjMvMDgvMjMvcmVwdWJsaWNhbi1wcmVzaWRlbnRpYWwtZGViYXRlLw&ntb=1	"WebAug 24, 2023 · Republican delegate count: GOP candidates for president compete to earn enough delegates to secure their party’s nomination. We’re tracking the Republican 2024 delegate count ."	2800000
33	bing	"republican candidates 2024"	"Vivek Ramaswamy announces GOP bid for president in 2024"	https://www.bing.com/ck/a?!&&p=8203958f6deb40bfJmltdHM9MTcwNzI2NDAwMCZpZ3VpZD0wNmQyNjk0Ni0wYjJhLTYzYWEtMTk2Yy03ZDU4MGFhOTYyZjcmaW5zaWQ9NTgxMg&ptn=3&ver=2&hsh=3&fclid=06d26946-0b2a-63aa-196c-7d580aa962f7&u=a1aHR0cHM6Ly93d3cuY25uLmNvbS8yMDIzLzAyLzIxL3BvbGl0aWNzL3ZpdmVrLXJhbWFzd2FteS1nb3AtMjAyNC1jYW1wYWlnbi9pbmRleC5odG1s&ntb=1	"WebFeb 22, 2023 · Vivek Ramaswamy speaks during the Conservative Political Action Conference (CPAC) in Dallas, Texas, on Friday, August 5, 2022. Entrepreneur Vivek Ramaswamy announced on Tuesday that he’s running ..."	2800000
34	bing	"republican candidates 2024"	"President: Republican primary : 2024 Polls | FiveThirtyEight"	https://www.bing.com/ck/a?!&&p=4b600401b66e9bcaJmltdHM9MTcwNzI2NDAwMCZpZ3VpZD0wNmQyNjk0Ni0wYjJhLTYzYWEtMTk2Yy03ZDU4MGFhOTYyZjcmaW5zaWQ9NTgzOQ&ptn=3&ver=2&hsh=3&fclid=06d26946-0b2a-63aa-196c-7d580aa962f7&u=a1aHR0cHM6Ly9wcm9qZWN0cy5maXZldGhpcnR5ZWlnaHQuY29tL3BvbGxzL3ByZXNpZGVudC1wcmltYXJ5LXIvMjAyNC8&ntb=1	"Web2 days ago · Updating average for each Republican candidate in 2024 primary polls, accounting for each poll""s recency, sample size, methodology and house effects. KEY. ESTIMATE. 95% OF POLLS PROJECTED TO FALL IN THIS RANGE. Our average includes all candidates that FiveThirtyEight considers “major. ..."	2800000
35	bing	"republican candidates 2024"	"Who""s running for president? See a rundown of the 2024 candidates"	https://www.bing.com/ck/a?!&&p=37bf7e810fca5482JmltdHM9MTcwNzI2NDAwMCZpZ3VpZD0wNmQyNjk0Ni0wYjJhLTYzYWEtMTk2Yy03ZDU4MGFhOTYyZjcmaW5zaWQ9NTg2Ng&ptn=3&ver=2&hsh=3&fclid=06d26946-0b2a-63aa-196c-7d580aa962f7&u=a1aHR0cHM6Ly9hcG5ld3MuY29tL2FydGljbGUvMjAyNC1wcmVzaWRlbnRpYWwtY2FuZGlkYXRlcy13aG8taXMtcnVubmluZy1lODlmYmZlZTk0ZTdlNzk4MDU5NGE5Y2UzOTk0ZmVjNw&ntb=1	"WebJun 15, 2023 · See a rundown of the 2024 candidates. FILE - The White House is seen reflected in a puddle, Saturday, Sept. 3, 2022, in Washington. With roughly a year and a half until the 2024 presidential contest, the field of candidates is largely set. Former President Donald Trump and Florida Gov. Ron DeSantis have dominated the early Republican race, …"	2800000
36	bing	"republican candidates 2024"	"Who""s running for president in 2024? Here are the candidates"	https://www.bing.com/ck/a?!&&p=7175c74ae59f02b5JmltdHM9MTcwNzI2NDAwMCZpZ3VpZD0wNmQyNjk0Ni0wYjJhLTYzYWEtMTk2Yy03ZDU4MGFhOTYyZjcmaW5zaWQ9NTg5Mw&ptn=3&ver=2&hsh=3&fclid=06d26946-0b2a-63aa-196c-7d580aa962f7&u=a1aHR0cHM6Ly93d3cuYXhpb3MuY29tLzIwMjMvMDUvMjQvdXMtcHJlc2lkZW50LWVsZWN0aW9ucy0yMDI0LWNhbmRpZGF0ZXM&ntb=1	"WebMay 24, 2023 · The GOP primary field is winnowing following the Iowa caucuses as the 2024 election year takes shape. The big picture: President Biden and former President Trump remain frontrunners for a potential historic rematch, but spoiler candidates and Republicans attracting anti-Trump voters and funding have brought an edge to primary season."	2800000
37	bing	"republican candidates 2024"	"GOP begins to look for new 2024 candidates amid fears over Trump"	https://www.bing.com/ck/a?!&&p=3db6191dcdc826b5JmltdHM9MTcwNzI2NDAwMCZpZ3VpZD0wNmQyNjk0Ni0wYjJhLTYzYWEtMTk2Yy03ZDU4MGFhOTYyZjcmaW5zaWQ9NTkyMA&ptn=3&ver=2&hsh=3&fclid=06d26946-0b2a-63aa-196c-7d580aa962f7&u=a1aHR0cHM6Ly93d3cuY25uLmNvbS8yMDIyLzA3LzIxL3BvbGl0aWNzL3JlcHVibGljYW4tcHJpbWFyeS0yMDI0LWNhbmRpZGF0ZXMvaW5kZXguaHRtbA&ntb=1	"WebJul 21, 2022 · A growing number of Republicans are openly cheering for a competitive primary field in 2024 and encouraging candidates to jump into the race, as some in the GOP get increasingly anxious about the ..."	2800000
38	bing	"republican candidates 2024"	"Side-by-Side Comparison Chart - 2024 Presidential Election"	https://www.bing.com/ck/a?!&&p=3ac072ba719575d2JmltdHM9MTcwNzI2NDAwMCZpZ3VpZD0wNmQyNjk0Ni0wYjJhLTYzYWEtMTk2Yy03ZDU4MGFhOTYyZjcmaW5zaWQ9NTk0NQ&ptn=3&ver=2&hsh=3&fclid=06d26946-0b2a-63aa-196c-7d580aa962f7&u=a1aHR0cHM6Ly8yMDI0ZWxlY3Rpb24ucHJvY29uLm9yZy9zaWRlLWJ5LXNpZGUtY29tcGFyaXNvbi1jaGFydC8&ntb=1	"Web2 days ago · Side-by-Side Comparison Chart. Above and below, the candidates are listed in alphabetical order; clicking their names in the chart will open their biographies. For more information on each question and to see each candidate’s full statement, click the topic (for example: click “legal abortion”). Also, in the table below, “nf” stands ..."	2800000
39	bing	"republican candidates 2024"	"Ranking the Republicans"" Potential 2024 White House Candidates"	https://www.bing.com/ck/a?!&&p=396e72507f607c2fJmltdHM9MTcwNzI2NDAwMCZpZ3VpZD0wNmQyNjk0Ni0wYjJhLTYzYWEtMTk2Yy03ZDU4MGFhOTYyZjcmaW5zaWQ9NTk3MA&ptn=3&ver=2&hsh=3&fclid=06d26946-0b2a-63aa-196c-7d580aa962f7&u=a1aHR0cHM6Ly93d3cuYnVzaW5lc3NpbnNpZGVyLmNvbS8yMDI0LXJlcHVibGljYW4tY2FuZGlkYXRlcy1lbGVjdGlvbnMtdHJ1bXAtcGVuY2UtaGFsZXktbm9lbS0yMDIwLTEy&ntb=1	"WebTexas"" two-term governor has not been as forward as some other possible 2024 contenders, but Republican strategists still talk him up. Like other GOP governors, ..."	2800000
40	bing	"republican candidates 2024"	"2024 Republican presidential candidates | CNN Politics"	https://www.bing.com/ck/a?!&&p=84ff8648c967b121JmltdHM9MTcwNzI2NDAwMCZpZ3VpZD0wNmQyNjk0Ni0wYjJhLTYzYWEtMTk2Yy03ZDU4MGFhOTYyZjcmaW5zaWQ9NTk5Nw&ptn=3&ver=2&hsh=3&fclid=06d26946-0b2a-63aa-196c-7d580aa962f7&u=a1aHR0cHM6Ly9lZGl0aW9uLmNubi5jb20vZWxlY3Rpb24vMjAyNC9wcmVzaWRlbnRpYWwtY2FuZGlkYXRlcw&ntb=1	"WebJan 16, 2024 · Who are the 2024 Republican presidential candidates? Here’s who’s running in the U.S. election, where they stand on key issues and more"	2800000
41	bing	"republican candidates 2024"	"Here are the Republicans considering 2024 presidential runs"	https://www.bing.com/ck/a?!&&p=79c5d2a129674210JmltdHM9MTcwNzI2NDAwMCZpZ3VpZD0wNmQyNjk0Ni0wYjJhLTYzYWEtMTk2Yy03ZDU4MGFhOTYyZjcmaW5zaWQ9NjAyNA&ptn=3&ver=2&hsh=3&fclid=06d26946-0b2a-63aa-196c-7d580aa962f7&u=a1aHR0cHM6Ly9lZGl0aW9uLmNubi5jb20vMjAyMy8wMi8xNC9wb2xpdGljcy8yMDI0LXJlcHVibGljYW4tcHJlc2lkZW50aWFsLWNvbnRlbmRlcnMtbGlzdC9pbmRleC5odG1s&ntb=1	"WebFeb 15, 2023 · Here’s a look at who’s in and who is considering a 2024 run for the Republican nomination: Donald Trump : The former president officially launched his campaign in November, days after the ..."	2800000
42	bing	"republican candidates 2024"	"The top 10 GOP presidential candidates for 2024, ranked"	https://www.bing.com/ck/a?!&&p=e60fd81f51dc01f6JmltdHM9MTcwNzI2NDAwMCZpZ3VpZD0wNmQyNjk0Ni0wYjJhLTYzYWEtMTk2Yy03ZDU4MGFhOTYyZjcmaW5zaWQ9NjA1MQ&ptn=3&ver=2&hsh=3&fclid=06d26946-0b2a-63aa-196c-7d580aa962f7&u=a1aHR0cHM6Ly93d3cud2FzaGluZ3RvbnBvc3QuY29tL3BvbGl0aWNzLzIwMjIvMTEvMTIvdG9wLTEwLXJlcHVibGljYW4tY2FuZGlkYXRlcy0yMDI0Lw&ntb=1	"WebNov 12, 2022 · The top 10 GOP presidential candidates for 2024, ranked. Former president Donald Trump answers questions from reporters during an election night party Nov. 8 at Mar-a-Lago in Palm Beach, Fla ..."	2800000
43	bing	"republican candidates 2024"	"Comparing where 2024 presidential candidates stand on key issues"	https://www.bing.com/ck/a?!&&p=c40f56e527c6f5d8JmltdHM9MTcwNzI2NDAwMCZpZ3VpZD0wNmQyNjk0Ni0wYjJhLTYzYWEtMTk2Yy03ZDU4MGFhOTYyZjcmaW5zaWQ9NjA3OA&ptn=3&ver=2&hsh=3&fclid=06d26946-0b2a-63aa-196c-7d580aa962f7&u=a1aHR0cHM6Ly93d3cud2FzaGluZ3RvbnBvc3QuY29tL3BvbGl0aWNzL2ludGVyYWN0aXZlLzIwMjMvcHJlc2lkZW50aWFsLWNhbmRpZGF0ZXMtMjAyNC1wb2xpY2llcy1pc3N1ZXMv&ntb=1	"WebNov 8, 2023 · Here’s where the 2024 Democratic and Republican candidates stand on key issues, including abortion, climate change, student loan forgiveness, immigration and more."	2800000
44	bing	"republican candidates 2024"	"Who is running for president in 2024 and who has dropped out"	https://www.bing.com/ck/a?!&&p=84359bc5634c2b31JmltdHM9MTcwNzI2NDAwMCZpZ3VpZD0wNmQyNjk0Ni0wYjJhLTYzYWEtMTk2Yy03ZDU4MGFhOTYyZjcmaW5zaWQ9NjEwNQ&ptn=3&ver=2&hsh=3&fclid=06d26946-0b2a-63aa-196c-7d580aa962f7&u=a1aHR0cHM6Ly93d3cud2FzaGluZ3RvbnBvc3QuY29tL3BvbGl0aWNzL2ludGVyYWN0aXZlL3ByZXNpZGVudGlhbC1jYW5kaWRhdGVzLTIwMjQv&ntb=1	"WebFeb 14, 2023 · Top contenders for the GOP 2024 nomination include former president Donald Trump and former Trump U.N. ambassador Nikki Haley after Florida Gov. Ron DeSantis announced he was dropping out just ..."	2800000
45	bing	"republican candidates 2024"	"Ranking the 2024 Republican presidential candidates"	https://www.bing.com/ck/a?!&&p=e58e2e2ef125331bJmltdHM9MTcwNzI2NDAwMCZpZ3VpZD0wNmQyNjk0Ni0wYjJhLTYzYWEtMTk2Yy03ZDU4MGFhOTYyZjcmaW5zaWQ9NjEzMg&ptn=3&ver=2&hsh=3&fclid=06d26946-0b2a-63aa-196c-7d580aa962f7&u=a1aHR0cHM6Ly90aGVoaWxsLmNvbS9ob21lbmV3cy9jYW1wYWlnbi80MzIxOTk2LTIwMjQtZ29wLXByZXNpZGVudGlhbC1jYW5kaWRhdGVzLXJhbmtpbmdzLw&ntb=1	"WebNov 22, 2023 · Ranking the 2024 Republican presidential candidates. Biden’s nursing home staffing rules divide Democrats ahead of 2024. Second, DeSantis has sputtered. The central thesis of the Florida ..."	2800000
46	bing	"republican candidates 2024"	"Nikki Haley 2024 presidential campaign - Wikipedia"	https://www.bing.com/ck/a?!&&p=cff255d97a65301bJmltdHM9MTcwNzI2NDAwMCZpZ3VpZD0wNmQyNjk0Ni0wYjJhLTYzYWEtMTk2Yy03ZDU4MGFhOTYyZjcmaW5zaWQ9NjE1Nw&ptn=3&ver=2&hsh=3&fclid=06d26946-0b2a-63aa-196c-7d580aa962f7&u=a1aHR0cHM6Ly9lbi53aWtpcGVkaWEub3JnL3dpa2kvTmlra2lfSGFsZXlfMjAyNF9wcmVzaWRlbnRpYWxfY2FtcGFpZ24&ntb=1	"WebNikki Haley, a former governor of South Carolina and U.S. ambassador to the United Nations, announced her campaign for the 2024 United States presidential election in a campaign video on February 14, 2023. Haley is the first woman of color to be a major candidate for the Republican presidential nomination. She is the first female former governor to run for …"	2800000
47	bing	"republican candidates 2024"	"2024 Presidential Candidates Fast Facts | CNN Politics"	https://www.bing.com/ck/a?!&&p=cbc1bcf72cc43b9cJmltdHM9MTcwNzI2NDAwMCZpZ3VpZD0wNmQyNjk0Ni0wYjJhLTYzYWEtMTk2Yy03ZDU4MGFhOTYyZjcmaW5zaWQ9NjE4NA&ptn=3&ver=2&hsh=3&fclid=06d26946-0b2a-63aa-196c-7d580aa962f7&u=a1aHR0cHM6Ly93d3cuY25uLmNvbS8yMDIzLzAzLzEwL3BvbGl0aWNzLzIwMjQtcHJlc2lkZW50aWFsLWNhbmRpZGF0ZXMtZmFzdC1mYWN0cy9pbmRleC5odG1s&ntb=1	"WebMar 10, 2023 · Here’s a look at the 2024 presidential candidates and key dates in their campaigns. Republican Candidates Donald Trump - 45th president of the United States Primary Campaign Committee - Donald J ..."	2800000
48	bing	"republican candidates 2024"	"4 Republicans qualify for fourth 2024 presidential debate"	https://www.bing.com/ck/a?!&&p=f1cd0067698f5c1eJmltdHM9MTcwNzI2NDAwMCZpZ3VpZD0wNmQyNjk0Ni0wYjJhLTYzYWEtMTk2Yy03ZDU4MGFhOTYyZjcmaW5zaWQ9NjIxMQ&ptn=3&ver=2&hsh=3&fclid=06d26946-0b2a-63aa-196c-7d580aa962f7&u=a1aHR0cHM6Ly93d3cuY25uLmNvbS8yMDIzLzEyLzA0L3BvbGl0aWNzL2ZvdXJ0aC1nb3AtZGViYXRlLWNhbmRpZGF0ZXMvaW5kZXguaHRtbA&ntb=1	"WebDec 5, 2023 · CNN —. Four candidates have qualified for the fourth GOP presidential primary debate taking place Wednesday night in Alabama, the Republican National Committee and debate broadcaster NewsNation ..."	2800000
49	bing	"republican candidates 2024"	"The top 10 GOP presidential candidates for 2024, ranked"	https://www.bing.com/ck/a?!&&p=b0ada188c13709ddJmltdHM9MTcwNzI2NDAwMCZpZ3VpZD0wNmQyNjk0Ni0wYjJhLTYzYWEtMTk2Yy03ZDU4MGFhOTYyZjcmaW5zaWQ9NjIzOA&ptn=3&ver=2&hsh=3&fclid=06d26946-0b2a-63aa-196c-7d580aa962f7&u=a1aHR0cHM6Ly93d3cud2FzaGluZ3RvbnBvc3QuY29tL3BvbGl0aWNzLzIwMjEvMTEvMTMvdG9wLTEwLWdvcC1wcmVzaWRlbnRpYWwtY2FuZGlkYXRlcy0yMDI0LXJhbmtlZC8&ntb=1	"WebNov 13, 2021 · The top 10 GOP presidential candidates for 2024, ranked. Analysis by Aaron Blake. Staff writer. November 13, 2021 at 7:00 a.m. EST. Florida Gov. Ron DeSantis (R) speaks with President Donald Trump ..."	2800000
